Product,Slide 1 Hook,Slide 2 Cause & Solution,Slide 3 CTA
ZenCortex,⚠️ HEALTH ALERT\nRinging won't stop screaming?,🧬 CLINICAL UPDATE\nSwelling chokes your hearing wires. This liquid silences the noise.,👉 [LINK IN BIO NOW]
ZenCortex,⚠️ HEALTH ALERT\nEars feel clogged tight?,🧬 CLINICAL UPDATE\nToxic buildup blocks your sound signals. This oil clears the pipe.,👉 [LINK IN BIO NOW]
ZenCortex,⚠️ HEALTH ALERT\nSounds getting quieter?,🧬 CLINICAL UPDATE\nInner nerve armor is wearing too thin. This vitamin rebuilds it.,👉 [LINK IN BIO NOW]
ZenCortex,⚠️ HEALTH ALERT\nBuzzing driving you mad?,🧬 CLINICAL UPDATE\nBrain wires are misfiring random shocks. This extract calms the storm.,👉 [LINK IN BIO NOW]
ZenCortex,⚠️ HEALTH ALERT\nPhantom noises torture you?,🧬 CLINICAL UPDATE\nDeep blood flow is cut off inside. This herb opens the floodgates.,👉 [LINK IN BIO NOW]
Nerve Fresh,⚠️ HEALTH ALERT\nFeet burning like fire?,🧬 CLINICAL UPDATE\nHard sugar crystals shred your nerve endings. This formula fixes it.,👉 [LINK IN BIO NOW]
Nerve Fresh,⚠️ HEALTH ALERT\nElectric shocks in legs?,🧬 CLINICAL UPDATE\nNerve wires are left exposed and raw. This capsule wraps them.,👉 [LINK IN BIO NOW]
Nerve Fresh,⚠️ HEALTH ALERT\nToes numb and frozen?,🧬 CLINICAL UPDATE\nVital blood is choked from your limbs. This extract restores feeling.,👉 [LINK IN BIO NOW]
Nerve Fresh,⚠️ HEALTH ALERT\nWalking on broken glass?,🧬 CLINICAL UPDATE\nDeep nerve pathways are inflamed and angry. This blend kills the fire.,👉 [LINK IN BIO NOW]
Nerve Fresh,⚠️ HEALTH ALERT\nPain spreading upward fast?,🧬 CLINICAL UPDATE\nThe deep root cause has been ignored. This enzyme heals the root.,👉 [LINK IN BIO NOW]
All Day Slimming Tea,⚠️ HEALTH ALERT\nBelly fat won't move?,🧬 CLINICAL UPDATE\nYour liver is completely clogged with waste sludge. This tea flushes it.,👉 [LINK IN BIO NOW]
All Day Slimming Tea,⚠️ HEALTH ALERT\nCravings own your mind?,🧬 CLINICAL UPDATE\nBad toxic bugs have hijacked your brain. This blend starves them out.,👉 [LINK IN BIO NOW]
All Day Slimming Tea,⚠️ HEALTH ALERT\nScale stuck for years?,🧬 CLINICAL UPDATE\nYour internal metabolism switch is turned off. This herb flips it on.,👉 [LINK IN BIO NOW]
All Day Slimming Tea,⚠️ HEALTH ALERT\nDiet makes you fatter?,🧬 CLINICAL UPDATE\nStress hormones trap emergency fat deep inside. This tea releases it.,👉 [LINK IN BIO NOW]
All Day Slimming Tea,⚠️ HEALTH ALERT\nMuffin top emergency?,🧬 CLINICAL UPDATE\nYour system is swollen with hidden poisons. This mix detoxes cells.,👉 [LINK IN BIO NOW]
Vertigenics,⚠️ HEALTH ALERT\nRoom spins again?,🧬 CLINICAL UPDATE\nTiny balance stones slipped loose inside your ear. This drops resets them.,👉 [LINK IN BIO NOW]
Vertigenics,⚠️ HEALTH ALERT\nStanding makes you dizzy?,🧬 CLINICAL UPDATE\nYour brain instantly loses position signals. This vitamin repairs the wire.,👉 [LINK IN BIO NOW]
Vertigenics,⚠️ HEALTH ALERT\nFalling without warning?,🧬 CLINICAL UPDATE\nHeavy fluid pressure crushes the main balance nerve. This herb drains it.,👉 [LINK IN BIO NOW]
Vertigenics,⚠️ HEALTH ALERT\nNausea from turning head?,🧬 CLINICAL UPDATE\nScrambled inner signals confuse your brain. This mineral syncs them.,👉 [LINK IN BIO NOW]
Vertigenics,⚠️ HEALTH ALERT\nBalance gone overnight?,🧬 CLINICAL UPDATE\nInternal crystals shifted out of place. This plant extract locks them firm.,👉 [LINK IN BIO NOW]
Pineal XT,⚠️ HEALTH ALERT\nThird eye still closed?,🧬 CLINICAL UPDATE\nChemical crust has completely calcified the gland. This acid dissolves it.,👉 [LINK IN BIO NOW]
Pineal XT,⚠️ HEALTH ALERT\nManifestation never works?,🧬 CLINICAL UPDATE\nYour spiritual signals are blocked by toxic waste. This oil clears the way.,👉 [LINK IN BIO NOW]
Pineal XT,⚠️ HEALTH ALERT\nSleep paralysis worsening?,🧬 CLINICAL UPDATE\nDeep rest hormones are trapped in a tight cage. This mineral breaks the lock.,👉 [LINK IN BIO NOW]
Pineal XT,⚠️ HEALTH ALERT\nIntuition completely dead?,🧬 CLINICAL UPDATE\nYour inner focus stone has hardened like rock. This extract softens it.,👉 [LINK IN BIO NOW]
Pineal XT,⚠️ HEALTH ALERT\nCan't lucid dream?,🧬 CLINICAL UPDATE\nYour biological dream faucet was turned off hard. This plant restarts the flow.,👉 [LINK IN BIO NOW]
